<?xml version="1.0" encoding="UTF-8" standalone="yes"?>
<addon id="continue_watching" name="Continue Watching" version="1.0.0" provider-name="embehatay">
    <extension point="xbmc.addon.repository" name="Embe Repository">
        <dir>
            <info compressed="false">https://raw.githubusercontent.com/embehatay/continue_watching/main/repo/zips/addons.xml</info>
            <checksum>https://raw.githubusercontent.com/embehatay/continue_watching/main/repo/zips/addons.xml.md5</checksum>
            <datadir zip="true">https://raw.githubusercontent.com/embehatay/continue_watching/main/repo/zips/</datadir>
        </dir>
    </extension>
    <extension point="xbmc.addon.metadata">
        <summary>continue_watching</summary>
        <description>DESCRIPTION OF YOUR REPO HERE</description>
        <disclaimer></disclaimer>
        <platform>all</platform>
        <assets>
            <icon>icon.png</icon>
            <fanart>fanart.jpg</fanart>
        </assets>
    </extension>
</addon>