<?xml version="1.0" encoding="UTF-8" standalone="yes"?>
<addon id="allin1" name="allin1" version="1.0.0" provider-name="Embe">
    <extension point="xbmc.addon.repository" name="Embe Repository">
        <dir>
            <info compressed="false">https://raw.githubusercontent.com/embehatay/allin1/main/repo/zips/addons.xml</info>
            <checksum>https://raw.githubusercontent.com/embehatay/allin1/main/repo/zips/addons.xml.md5</checksum>
            <datadir zip="true">https://raw.githubusercontent.com/embehatay/allin1/main/repo/zips/</datadir>
        </dir>
    </extension>
    <extension point="xbmc.addon.metadata">
        <summary>Embe's Addons</summary>
        <description>DESCRIPTION OF YOUR REPO HERE</description>
        <disclaimer></disclaimer>
        <platform>all</platform>
        <assets>
            <icon>icon.png</icon>
            <fanart>fanart.jpg</fanart>
        </assets>
    </extension>
</addon>